Domain,FoundInCertFor,CertSubject
"aapi.wsu.edu","family.wsu.edu","CN=asis-w3.asis.wsu.edu, O=Washington State University, S=Washington, C=US"
"aapifsa.wsu.edu","family.wsu.edu","CN=asis-w3.asis.wsu.edu, O=Washington State University, S=Washington, C=US"
"aastudentcenter.wsu.edu","family.wsu.edu","CN=asis-w3.asis.wsu.edu, O=Washington State University, S=Washington, C=US"
"academicintegrity.wsu.edu","family.wsu.edu","CN=asis-w3.asis.wsu.edu, O=Washington State University, S=Washington, C=US"
"accesscenter.wsu.edu","family.wsu.edu","CN=asis-w3.asis.wsu.edu, O=Washington State University, S=Washington, C=US"
"accommodations.wsu.edu","family.wsu.edu","CN=asis-w3.asis.wsu.edu, O=Washington State University, S=Washington, C=US"
"adminsvcs.wsu.edu","family.wsu.edu","CN=asis-w3.asis.wsu.edu, O=Washington State University, S=Washington, C=US"
"admsvcs.wsu.edu","family.wsu.edu","CN=asis-w3.asis.wsu.edu, O=Washington State University, S=Washington, C=US"
"aea.wsu.edu","family.wsu.edu","CN=asis-w3.asis.wsu.edu, O=Washington State University, S=Washington, C=US"
"alive.wsu.edu","admission.wsu.edu","CN=admission.wsu.edu"
"api.asis.wsu.edu","housing.wsu.edu","CN=asis-w2.asis.wsu.edu, O=Washington State University, S=Washington, C=US"
"as.wsu.edu","family.wsu.edu","CN=asis-w3.asis.wsu.edu, O=Washington State University, S=Washington, C=US"
"asis-w2.asis.wsu.edu","housing.wsu.edu","CN=asis-w2.asis.wsu.edu, O=Washington State University, S=Washington, C=US"
"asis-w3.asis.wsu.edu","family.wsu.edu","CN=asis-w3.asis.wsu.edu, O=Washington State University, S=Washington, C=US"
"asis-web6.asis.wsu.edu","family.wsu.edu","CN=asis-w3.asis.wsu.edu, O=Washington State University, S=Washington, C=US"
"asis.helpdesk.wsu.edu","family.wsu.edu","CN=asis-w3.asis.wsu.edu, O=Washington State University, S=Washington, C=US"
"asis.wsu.edu","housing.wsu.edu","CN=asis-w2.asis.wsu.edu, O=Washington State University, S=Washington, C=US"
"asiskiosk.wsu.edu","housing.wsu.edu","CN=asis-w2.asis.wsu.edu, O=Washington State University, S=Washington, C=US"
"aswsu-global.wsu.edu","family.wsu.edu","CN=asis-w3.asis.wsu.edu, O=Washington State University, S=Washington, C=US"
"aswsu-online.wsu.edu","family.wsu.edu","CN=asis-w3.asis.wsu.edu, O=Washington State University, S=Washington, C=US"
"aswsu.wsu.edu","family.wsu.edu","CN=asis-w3.asis.wsu.edu, O=Washington State University, S=Washington, C=US"
"aware.wsu.edu","family.wsu.edu","CN=asis-w3.asis.wsu.edu, O=Washington State University, S=Washington, C=US"
"baf.wsu.edu","bursar.wsu.edu","CN=baf.wsu.edu"
"bafs.wsu.edu","bursar.wsu.edu","CN=baf.wsu.edu"
"bart.wsu.edu","family.wsu.edu","CN=asis-w3.asis.wsu.edu, O=Washington State University, S=Washington, C=US"
"basaltbooks.wsu.edu","bursar.wsu.edu","CN=baf.wsu.edu"
"bearcenter.wsu.edu","bursar.wsu.edu","CN=baf.wsu.edu"
"beasley.wsu.edu","bursar.wsu.edu","CN=baf.wsu.edu"
"bees.wsu.edu","bursar.wsu.edu","CN=baf.wsu.edu"
"bellhop.business.wsu.edu","bursar.wsu.edu","CN=baf.wsu.edu"
"biosafety.wsu.edu","bursar.wsu.edu","CN=baf.wsu.edu"
"brand.wsu.edu","bursar.wsu.edu","CN=baf.wsu.edu"
"breadlab.wsu.edu","bursar.wsu.edu","CN=baf.wsu.edu"
"brewfest.wsu.edu","bursar.wsu.edu","CN=baf.wsu.edu"
"brians.wsu.edu","bursar.wsu.edu","CN=baf.wsu.edu"
"broadband.wsu.edu","bursar.wsu.edu","CN=baf.wsu.edu"
"bsyse.wsu.edu","bursar.wsu.edu","CN=baf.wsu.edu"
"budget.wsu.edu","bursar.wsu.edu","CN=baf.wsu.edu"
"business.wsu.edu","bursar.wsu.edu","CN=baf.wsu.edu"
"cable.wsu.edu","housing.wsu.edu","CN=asis-w2.asis.wsu.edu, O=Washington State University, S=Washington, C=US"
"cabletv.wsu.edu","housing.wsu.edu","CN=asis-w2.asis.wsu.edu, O=Washington State University, S=Washington, C=US"
"camp.wsu.edu","family.wsu.edu","CN=asis-w3.asis.wsu.edu, O=Washington State University, S=Washington, C=US"
"cashe.wsu.edu","family.wsu.edu","CN=asis-w3.asis.wsu.edu, O=Washington State University, S=Washington, C=US"
"cast.osa.wsu.edu","family.wsu.edu","CN=asis-w3.asis.wsu.edu, O=Washington State University, S=Washington, C=US"
"catering.wsu.edu","housing.wsu.edu","CN=asis-w2.asis.wsu.edu, O=Washington State University, S=Washington, C=US"
"cce.wsu.edu","family.wsu.edu","CN=asis-w3.asis.wsu.edu, O=Washington State University, S=Washington, C=US"
"ccrr.wsu.edu","family.wsu.edu","CN=asis-w3.asis.wsu.edu, O=Washington State University, S=Washington, C=US"
"cdnl.tblsft.com","tableau.com","CN=www.tableausoftware.com, O=""Tableau Software, LLC"", L=Seattle, S=Washington, C=US"
"cdnlarge.tableausoftware.com","tableau.com","CN=www.tableausoftware.com, O=""Tableau Software, LLC"", L=Seattle, S=Washington, C=US"
"cdns.tblsft.com","tableau.com","CN=www.tableausoftware.com, O=""Tableau Software, LLC"", L=Seattle, S=Washington, C=US"
"cdnsmall.tableausoftware.com","tableau.com","CN=www.tableausoftware.com, O=""Tableau Software, LLC"", L=Seattle, S=Washington, C=US"
"cdnv.tblsft.com","tableau.com","CN=www.tableausoftware.com, O=""Tableau Software, LLC"", L=Seattle, S=Washington, C=US"
"cfsl.wsu.edu","family.wsu.edu","CN=asis-w3.asis.wsu.edu, O=Washington State University, S=Washington, C=US"
"chilatcenter.wsu.edu","family.wsu.edu","CN=asis-w3.asis.wsu.edu, O=Washington State University, S=Washington, C=US"
"chinook.wsu.edu","family.wsu.edu","CN=asis-w3.asis.wsu.edu, O=Washington State University, S=Washington, C=US"
"choose.wsu.edu","admission.wsu.edu","CN=admission.wsu.edu"
"cirt.wsu.edu","family.wsu.edu","CN=asis-w3.asis.wsu.edu, O=Washington State University, S=Washington, C=US"
"clasp.wsu.edu","family.wsu.edu","CN=asis-w3.asis.wsu.edu, O=Washington State University, S=Washington, C=US"
"clfsa.wsu.edu","family.wsu.edu","CN=asis-w3.asis.wsu.edu, O=Washington State University, S=Washington, C=US"
"cms1.asis.wsu.edu","family.wsu.edu","CN=asis-w3.asis.wsu.edu, O=Washington State University, S=Washington, C=US"
"cms2.asis.wsu.edu","family.wsu.edu","CN=asis-w3.asis.wsu.edu, O=Washington State University, S=Washington, C=US"
"cms3.asis.wsu.edu","family.wsu.edu","CN=asis-w3.asis.wsu.edu, O=Washington State University, S=Washington, C=US"
"cms4.asis.wsu.edu","family.wsu.edu","CN=asis-w3.asis.wsu.edu, O=Washington State University, S=Washington, C=US"
"cms8.asis.wsu.edu","family.wsu.edu","CN=asis-w3.asis.wsu.edu, O=Washington State University, S=Washington, C=US"
"cms9.asis.wsu.edu","family.wsu.edu","CN=asis-w3.asis.wsu.edu, O=Washington State University, S=Washington, C=US"
"cmsdev.hrs.wsu.edu","diversityeducation.wsu.edu","CN=hrs.wsu.edu, O=Washington State University, S=Washington, C=US"
"coalition.wsu.edu","family.wsu.edu","CN=asis-w3.asis.wsu.edu, O=Washington State University, S=Washington, C=US"
"cobblestone.fais.wsu.edu","financialaid.wsu.edu","CN=faa.wsu.edu"
"collegebound.wsu.edu","family.wsu.edu","CN=asis-w3.asis.wsu.edu, O=Washington State University, S=Washington, C=US"
"communities.wsu.edu","family.wsu.edu","CN=asis-w3.asis.wsu.edu, O=Washington State University, S=Washington, C=US"
"communitystandards.wsu.edu","family.wsu.edu","CN=asis-w3.asis.wsu.edu, O=Washington State University, S=Washington, C=US"
"conduct.wsu.edu","family.wsu.edu","CN=asis-w3.asis.wsu.edu, O=Washington State University, S=Washington, C=US"
"conductoffice.wsu.edu","family.wsu.edu","CN=asis-w3.asis.wsu.edu, O=Washington State University, S=Washington, C=US"
"cougarcard.wsu.edu","housing.wsu.edu","CN=asis-w2.asis.wsu.edu, O=Washington State University, S=Washington, C=US"
"cougarcash.wsu.edu","housing.wsu.edu","CN=asis-w2.asis.wsu.edu, O=Washington State University, S=Washington, C=US"
"cougarhealth.wsu.edu","family.wsu.edu","CN=asis-w3.asis.wsu.edu, O=Washington State University, S=Washington, C=US"
"cougarsaferides.wsu.edu","family.wsu.edu","CN=asis-w3.asis.wsu.edu, O=Washington State University, S=Washington, C=US"
"cougexperience.studentaffairs.wsu.edu","family.wsu.edu","CN=asis-w3.asis.wsu.edu, O=Washington State University, S=Washington, C=US"
"cougscancelcovid.wsu.edu","family.wsu.edu","CN=asis-w3.asis.wsu.edu, O=Washington State University, S=Washington, C=US"
"counsel.wsu.edu","family.wsu.edu","CN=asis-w3.asis.wsu.edu, O=Washington State University, S=Washington, C=US"
"culturalcenter.wsu.edu","family.wsu.edu","CN=asis-w3.asis.wsu.edu, O=Washington State University, S=Washington, C=US"
"culturalhouses.wsu.edu","family.wsu.edu","CN=asis-w3.asis.wsu.edu, O=Washington State University, S=Washington, C=US"
"dadsweekend.wsu.edu","family.wsu.edu","CN=asis-w3.asis.wsu.edu, O=Washington State University, S=Washington, C=US"
"deanofstudents.wsu.edu","family.wsu.edu","CN=asis-w3.asis.wsu.edu, O=Washington State University, S=Washington, C=US"
"dining.wsu.edu","housing.wsu.edu","CN=asis-w2.asis.wsu.edu, O=Washington State University, S=Washington, C=US"
"diningat.wsu.edu","housing.wsu.edu","CN=asis-w2.asis.wsu.edu, O=Washington State University, S=Washington, C=US"
"diversity.wsu.edu","family.wsu.edu","CN=asis-w3.asis.wsu.edu, O=Washington State University, S=Washington, C=US"
"downloads.tableau.com","tableau.com","CN=www.tableausoftware.com, O=""Tableau Software, LLC"", L=Seattle, S=Washington, C=US"
"downloads.tableausoftware.com","tableau.com","CN=www.tableausoftware.com, O=""Tableau Software, LLC"", L=Seattle, S=Washington, C=US"
"drc.wsu.edu","family.wsu.edu","CN=asis-w3.asis.wsu.edu, O=Washington State University, S=Washington, C=US"
"dreamers.wsu.edu","family.wsu.edu","CN=asis-w3.asis.wsu.edu, O=Washington State University, S=Washington, C=US"
"dsae.wsu.edu","family.wsu.edu","CN=asis-w3.asis.wsu.edu, O=Washington State University, S=Washington, C=US"
"eatingat.wsu.edu","housing.wsu.edu","CN=asis-w2.asis.wsu.edu, O=Washington State University, S=Washington, C=US"
"employee-recognition.wsu.edu","diversityeducation.wsu.edu","CN=hrs.wsu.edu, O=Washington State University, S=Washington, C=US"
"er.hrs.wsu.edu","diversityeducation.wsu.edu","CN=hrs.wsu.edu, O=Washington State University, S=Washington, C=US"
"esa.wsu.edu","family.wsu.edu","CN=asis-w3.asis.wsu.edu, O=Washington State University, S=Washington, C=US"
"espanol.camp.wsu.edu","family.wsu.edu","CN=asis-w3.asis.wsu.edu, O=Washington State University, S=Washington, C=US"
"espanol.wsu.edu","family.wsu.edu","CN=asis-w3.asis.wsu.edu, O=Washington State University, S=Washington, C=US"
"event.bees.wsu.edu","bursar.wsu.edu","CN=baf.wsu.edu"
"events.bees.wsu.edu","bursar.wsu.edu","CN=baf.wsu.edu"
"explore.wsu.edu","admission.wsu.edu","CN=admission.wsu.edu"
"faa.wsu.edu","financialaid.wsu.edu","CN=faa.wsu.edu"
"facilities.wsu.edu","financialaid.wsu.edu","CN=faa.wsu.edu"
"facsen.wsu.edu","financialaid.wsu.edu","CN=faa.wsu.edu"
"faculty.business.wsu.edu","bursar.wsu.edu","CN=baf.wsu.edu"
"faculty.wsu.edu","financialaid.wsu.edu","CN=faa.wsu.edu"
"fais.wsu.edu","financialaid.wsu.edu","CN=faa.wsu.edu"
"fermentation.wsu.edu","financialaid.wsu.edu","CN=faa.wsu.edu"
"fewstorage.wsu.edu","financialaid.wsu.edu","CN=faa.wsu.edu"
"fieldtrips.wsu.edu","financialaid.wsu.edu","CN=faa.wsu.edu"
"files.ba.wsu.edu","diversityeducation.wsu.edu","CN=hrs.wsu.edu, O=Washington State University, S=Washington, C=US"
"files.hrs.wsu.edu","diversityeducation.wsu.edu","CN=hrs.wsu.edu, O=Washington State University, S=Washington, C=US"
"financialliteracy.wsu.edu","financialaid.wsu.edu","CN=faa.wsu.edu"
"finearts.wsu.edu","financialaid.wsu.edu","CN=faa.wsu.edu"
"first.wsu.edu","family.wsu.edu","CN=asis-w3.asis.wsu.edu, O=Washington State University, S=Washington, C=US"
"firstabroad.wsu.edu","family.wsu.edu","CN=asis-w3.asis.wsu.edu, O=Washington State University, S=Washington, C=US"
"firstscholars.wsu.edu","family.wsu.edu","CN=asis-w3.asis.wsu.edu, O=Washington State University, S=Washington, C=US"
"firstyear.wsu.edu","financialaid.wsu.edu","CN=faa.wsu.edu"
"fmic.wsu.edu","financialaid.wsu.edu","CN=faa.wsu.edu"
"foley.wsu.edu","financialaid.wsu.edu","CN=faa.wsu.edu"
"foodprocessing.wsu.edu","financialaid.wsu.edu","CN=faa.wsu.edu"
"foodsystems.wsu.edu","financialaid.wsu.edu","CN=faa.wsu.edu"
"fos.wsu.edu","financialaid.wsu.edu","CN=faa.wsu.edu"
"foundation.wsu.edu","financialaid.wsu.edu","CN=faa.wsu.edu"
"framenetworks.wsu.edu","financialaid.wsu.edu","CN=faa.wsu.edu"
"freespeech.wsu.edu","family.wsu.edu","CN=asis-w3.asis.wsu.edu, O=Washington State University, S=Washington, C=US"
"getinvolved.wsu.edu","family.wsu.edu","CN=asis-w3.asis.wsu.edu, O=Washington State University, S=Washington, C=US"
"gogreek.wsu.edu","family.wsu.edu","CN=asis-w3.asis.wsu.edu, O=Washington State University, S=Washington, C=US"
"gpsa.wsu.edu","family.wsu.edu","CN=asis-w3.asis.wsu.edu, O=Washington State University, S=Washington, C=US"
"handbook.wsu.edu","family.wsu.edu","CN=asis-w3.asis.wsu.edu, O=Washington State University, S=Washington, C=US"
"healthexpo.wsu.edu","family.wsu.edu","CN=asis-w3.asis.wsu.edu, O=Washington State University, S=Washington, C=US"
"helpdesk.asis.wsu.edu","family.wsu.edu","CN=asis-w3.asis.wsu.edu, O=Washington State University, S=Washington, C=US"
"hep.wsu.edu","family.wsu.edu","CN=asis-w3.asis.wsu.edu, O=Washington State University, S=Washington, C=US"
"hillside.wsu.edu","housing.wsu.edu","CN=asis-w2.asis.wsu.edu, O=Washington State University, S=Washington, C=US"
"hotel.wsu.edu","family.wsu.edu","CN=asis-w3.asis.wsu.edu, O=Washington State University, S=Washington, C=US"
"housingat.wsu.edu","housing.wsu.edu","CN=asis-w2.asis.wsu.edu, O=Washington State University, S=Washington, C=US"
"housingcms.wsu.edu","housing.wsu.edu","CN=asis-w2.asis.wsu.edu, O=Washington State University, S=Washington, C=US"
"hrscms.hrs.wsu.edu","diversityeducation.wsu.edu","CN=hrs.wsu.edu, O=Washington State University, S=Washington, C=US"
"hrsdev.hrs.wsu.edu","diversityeducation.wsu.edu","CN=hrs.wsu.edu, O=Washington State University, S=Washington, C=US"
"hws.wsu.edu","family.wsu.edu","CN=asis-w3.asis.wsu.edu, O=Washington State University, S=Washington, C=US"
"iacuc.wsu.edu","its.wsu.edu","CN=iacuc.wsu.edu"
"ibc.wsu.edu","its.wsu.edu","CN=iacuc.wsu.edu"
"idcl.wsu.edu","its.wsu.edu","CN=iacuc.wsu.edu"
"idx.wsu.edu","its.wsu.edu","CN=iacuc.wsu.edu"
"ihr.hrs.wsu.edu","diversityeducation.wsu.edu","CN=hrs.wsu.edu, O=Washington State University, S=Washington, C=US"
"imageshop.wsu.edu","family.wsu.edu","CN=asis-w3.asis.wsu.edu, O=Washington State University, S=Washington, C=US"
"imagineu.wsu.edu","family.wsu.edu","CN=asis-w3.asis.wsu.edu, O=Washington State University, S=Washington, C=US"
"innovators.wsu.edu","its.wsu.edu","CN=iacuc.wsu.edu"
"internalaudit.wsu.edu","its.wsu.edu","CN=iacuc.wsu.edu"
"intranet.hrs.wsu.edu","diversityeducation.wsu.edu","CN=hrs.wsu.edu, O=Washington State University, S=Washington, C=US"
"involve.wsu.edu","family.wsu.edu","CN=asis-w3.asis.wsu.edu, O=Washington State University, S=Washington, C=US"
"ip.wsu.edu","its.wsu.edu","CN=iacuc.wsu.edu"
"ipm.wsu.edu","its.wsu.edu","CN=iacuc.wsu.edu"
"ips.wsu.edu","its.wsu.edu","CN=iacuc.wsu.edu"
"ir.wsu.edu","its.wsu.edu","CN=iacuc.wsu.edu"
"irb.wsu.edu","its.wsu.edu","CN=iacuc.wsu.edu"
"ireach.wsu.edu","its.wsu.edu","CN=iacuc.wsu.edu"
"irrigatedag.wsu.edu","its.wsu.edu","CN=iacuc.wsu.edu"
"itbrevitalization.wsu.edu","its.wsu.edu","CN=iacuc.wsu.edu"
"itgovernance.wsu.edu","its.wsu.edu","CN=iacuc.wsu.edu"
"labienvenida.wsu.edu","family.wsu.edu","CN=asis-w3.asis.wsu.edu, O=Washington State University, S=Washington, C=US"
"lead.wsu.edu","family.wsu.edu","CN=asis-w3.asis.wsu.edu, O=Washington State University, S=Washington, C=US"
"lgbt.wsu.edu","family.wsu.edu","CN=asis-w3.asis.wsu.edu, O=Washington State University, S=Washington, C=US"
"livingat.wsu.edu","housing.wsu.edu","CN=asis-w2.asis.wsu.edu, O=Washington State University, S=Washington, C=US"
"mgc.gogreek.wsu.edu","family.wsu.edu","CN=asis-w3.asis.wsu.edu, O=Washington State University, S=Washington, C=US"
"mlk.wsu.edu","family.wsu.edu","CN=asis-w3.asis.wsu.edu, O=Washington State University, S=Washington, C=US"
"movein.wsu.edu","housing.wsu.edu","CN=asis-w2.asis.wsu.edu, O=Washington State University, S=Washington, C=US"
"msmp.wsu.edu","family.wsu.edu","CN=asis-w3.asis.wsu.edu, O=Washington State University, S=Washington, C=US"
"mss.wsu.edu","family.wsu.edu","CN=asis-w3.asis.wsu.edu, O=Washington State University, S=Washington, C=US"
"mynutrition.wsu.edu","housing.wsu.edu","CN=asis-w2.asis.wsu.edu, O=Washington State University, S=Washington, C=US"
"nook.wsu.edu","family.wsu.edu","CN=asis-w3.asis.wsu.edu, O=Washington State University, S=Washington, C=US"
"northside.wsu.edu","housing.wsu.edu","CN=asis-w2.asis.wsu.edu, O=Washington State University, S=Washington, C=US"
"nphc.wsu.edu","family.wsu.edu","CN=asis-w3.asis.wsu.edu, O=Washington State University, S=Washington, C=US"
"nwlgbtleadership.wsu.edu","family.wsu.edu","CN=asis-w3.asis.wsu.edu, O=Washington State University, S=Washington, C=US"
"offcampusliving.wsu.edu","family.wsu.edu","CN=asis-w3.asis.wsu.edu, O=Washington State University, S=Washington, C=US"
"osa.wsu.edu","family.wsu.edu","CN=asis-w3.asis.wsu.edu, O=Washington State University, S=Washington, C=US"
"osae.wsu.edu","family.wsu.edu","CN=asis-w3.asis.wsu.edu, O=Washington State University, S=Washington, C=US"
"payme.as.wsu.edu","family.wsu.edu","CN=asis-w3.asis.wsu.edu, O=Washington State University, S=Washington, C=US"
"performance.wsu.edu","family.wsu.edu","CN=asis-w3.asis.wsu.edu, O=Washington State University, S=Washington, C=US"
"platform.zeemee.com","zeemee.com","CN=zeemee.com"
"register.tableau.com","tableau.com","CN=www.tableausoftware.com, O=""Tableau Software, LLC"", L=Seattle, S=Washington, C=US"
"reslife.wsu.edu","housing.wsu.edu","CN=asis-w2.asis.wsu.edu, O=Washington State University, S=Washington, C=US"
"rta.wsu.edu","housing.wsu.edu","CN=asis-w2.asis.wsu.edu, O=Washington State University, S=Washington, C=US"
"saed.wsu.edu","family.wsu.edu","CN=asis-w3.asis.wsu.edu, O=Washington State University, S=Washington, C=US"
"saedem.wsu.edu","family.wsu.edu","CN=asis-w3.asis.wsu.edu, O=Washington State University, S=Washington, C=US"
"saefinanceadmin.wsu.edu","family.wsu.edu","CN=asis-w3.asis.wsu.edu, O=Washington State University, S=Washington, C=US"
"saem.wsu.edu","family.wsu.edu","CN=asis-w3.asis.wsu.edu, O=Washington State University, S=Washington, C=US"
"safinanceadmin.wsu.edu","family.wsu.edu","CN=asis-w3.asis.wsu.edu, O=Washington State University, S=Washington, C=US"
"salt.wsu.edu","family.wsu.edu","CN=asis-w3.asis.wsu.edu, O=Washington State University, S=Washington, C=US"
"scholarships.ngwebsolutions.com","wsu.scholarships.ngwebsolutions.com","CN=*.scholarships.ngwebsolutions.com"
"seb.wsu.edu","family.wsu.edu","CN=asis-w3.asis.wsu.edu, O=Washington State University, S=Washington, C=US"
"secure.asis.wsu.edu","housing.wsu.edu","CN=asis-w2.asis.wsu.edu, O=Washington State University, S=Washington, C=US"
"sgc.wsu.edu","family.wsu.edu","CN=asis-w3.asis.wsu.edu, O=Washington State University, S=Washington, C=US"
"shaping.wsu.edu","family.wsu.edu","CN=asis-w3.asis.wsu.edu, O=Washington State University, S=Washington, C=US"
"shbm85.business.wsu.edu","bursar.wsu.edu","CN=baf.wsu.edu"
"sls.wsu.edu","family.wsu.edu","CN=asis-w3.asis.wsu.edu, O=Washington State University, S=Washington, C=US"
"smartstart.wsu.edu","family.wsu.edu","CN=asis-w3.asis.wsu.edu, O=Washington State University, S=Washington, C=US"
"southside.wsu.edu","housing.wsu.edu","CN=asis-w2.asis.wsu.edu, O=Washington State University, S=Washington, C=US"
"sp.wsu.edu","family.wsu.edu","CN=asis-w3.asis.wsu.edu, O=Washington State University, S=Washington, C=US"
"spine-cms.asis.wsu.edu","family.wsu.edu","CN=asis-w3.asis.wsu.edu, O=Washington State University, S=Washington, C=US"
"spirituality.wsu.edu","family.wsu.edu","CN=asis-w3.asis.wsu.edu, O=Washington State University, S=Washington, C=US"
"spring.wsu.edu","family.wsu.edu","CN=asis-w3.asis.wsu.edu, O=Washington State University, S=Washington, C=US"
"springfest.wsu.edu","family.wsu.edu","CN=asis-w3.asis.wsu.edu, O=Washington State University, S=Washington, C=US"
"sssp.wsu.edu","family.wsu.edu","CN=asis-w3.asis.wsu.edu, O=Washington State University, S=Washington, C=US"
"stage.cougarcard.wsu.edu","housing.wsu.edu","CN=asis-w2.asis.wsu.edu, O=Washington State University, S=Washington, C=US"
"stage.itsweb.wsu.edu","its.wsu.edu","CN=iacuc.wsu.edu"
"standards.wsu.edu","family.wsu.edu","CN=asis-w3.asis.wsu.edu, O=Washington State University, S=Washington, C=US"
"streaming.business.wsu.edu","bursar.wsu.edu","CN=baf.wsu.edu"
"studentaffairs.wsu.edu","family.wsu.edu","CN=asis-w3.asis.wsu.edu, O=Washington State University, S=Washington, C=US"
"studentcare.wsu.edu","family.wsu.edu","CN=asis-w3.asis.wsu.edu, O=Washington State University, S=Washington, C=US"
"studentconduct.wsu.edu","family.wsu.edu","CN=asis-w3.asis.wsu.edu, O=Washington State University, S=Washington, C=US"
"studentdean.osa.wsu.edu","family.wsu.edu","CN=asis-w3.asis.wsu.edu, O=Washington State University, S=Washington, C=US"
"studentfees.wsu.edu","family.wsu.edu","CN=asis-w3.asis.wsu.edu, O=Washington State University, S=Washington, C=US"
"studentinvolvement.wsu.edu","family.wsu.edu","CN=asis-w3.asis.wsu.edu, O=Washington State University, S=Washington, C=US"
"studentmedia.wsu.edu","family.wsu.edu","CN=asis-w3.asis.wsu.edu, O=Washington State University, S=Washington, C=US"
"summeradvantage.wsu.edu","family.wsu.edu","CN=asis-w3.asis.wsu.edu, O=Washington State University, S=Washington, C=US"
"support.osa.wsu.edu","family.wsu.edu","CN=asis-w3.asis.wsu.edu, O=Washington State University, S=Washington, C=US"
"tableausoftware.com","tableau.com","CN=www.tableausoftware.com, O=""Tableau Software, LLC"", L=Seattle, S=Washington, C=US"
"technolutions.com","technolutions.net","CN=technolutions.com"
"thecenter.wsu.edu","family.wsu.edu","CN=asis-w3.asis.wsu.edu, O=Washington State University, S=Washington, C=US"
"tmp.wsu.edu","family.wsu.edu","CN=asis-w3.asis.wsu.edu, O=Washington State University, S=Washington, C=US"
"trafficcop.asis.wsu.edu","housing.wsu.edu","CN=asis-w2.asis.wsu.edu, O=Washington State University, S=Washington, C=US"
"training.hrs.wsu.edu","diversityeducation.wsu.edu","CN=hrs.wsu.edu, O=Washington State University, S=Washington, C=US"
"tutoring.wsu.edu","family.wsu.edu","CN=asis-w3.asis.wsu.edu, O=Washington State University, S=Washington, C=US"
"tv.wsu.edu","housing.wsu.edu","CN=asis-w2.asis.wsu.edu, O=Washington State University, S=Washington, C=US"
"twilio.jp","twilio.com","CN=*.twilio.com"
"ubnorth.wsu.edu","family.wsu.edu","CN=asis-w3.asis.wsu.edu, O=Washington State University, S=Washington, C=US"
"uga.wsu.edu","family.wsu.edu","CN=asis-w3.asis.wsu.edu, O=Washington State University, S=Washington, C=US"
"undocumented.wsu.edu","family.wsu.edu","CN=asis-w3.asis.wsu.edu, O=Washington State University, S=Washington, C=US"
"undocuqueer.wsu.edu","family.wsu.edu","CN=asis-w3.asis.wsu.edu, O=Washington State University, S=Washington, C=US"
"vamos.wsu.edu","family.wsu.edu","CN=asis-w3.asis.wsu.edu, O=Washington State University, S=Washington, C=US"
"vibes.wsu.edu","family.wsu.edu","CN=asis-w3.asis.wsu.edu, O=Washington State University, S=Washington, C=US"
"w2-testing.asis.wsu.edu","housing.wsu.edu","CN=asis-w2.asis.wsu.edu, O=Washington State University, S=Washington, C=US"
"w3-testing.asis.wsu.edu","family.wsu.edu","CN=asis-w3.asis.wsu.edu, O=Washington State University, S=Washington, C=US"
"wellbeingonline.wsu.edu","family.wsu.edu","CN=asis-w3.asis.wsu.edu, O=Washington State University, S=Washington, C=US"
"why.wsu.edu","admission.wsu.edu","CN=admission.wsu.edu"
"women.wsu.edu","family.wsu.edu","CN=asis-w3.asis.wsu.edu, O=Washington State University, S=Washington, C=US"
"www.aapi.wsu.edu","family.wsu.edu","CN=asis-w3.asis.wsu.edu, O=Washington State University, S=Washington, C=US"
"www.aapifsa.wsu.edu","family.wsu.edu","CN=asis-w3.asis.wsu.edu, O=Washington State University, S=Washington, C=US"
"www.aastudentcenter.wsu.edu","family.wsu.edu","CN=asis-w3.asis.wsu.edu, O=Washington State University, S=Washington, C=US"
"www.academicintegrity.wsu.edu","family.wsu.edu","CN=asis-w3.asis.wsu.edu, O=Washington State University, S=Washington, C=US"
"www.accesscenter.wsu.edu","family.wsu.edu","CN=asis-w3.asis.wsu.edu, O=Washington State University, S=Washington, C=US"
"www.adminsvcs.wsu.edu","family.wsu.edu","CN=asis-w3.asis.wsu.edu, O=Washington State University, S=Washington, C=US"
"www.admsvcs.wsu.edu","family.wsu.edu","CN=asis-w3.asis.wsu.edu, O=Washington State University, S=Washington, C=US"
"www.aea.wsu.edu","family.wsu.edu","CN=asis-w3.asis.wsu.edu, O=Washington State University, S=Washington, C=US"
"www.as.wsu.edu","family.wsu.edu","CN=asis-w3.asis.wsu.edu, O=Washington State University, S=Washington, C=US"
"www.asis.helpdesk.wsu.edu","family.wsu.edu","CN=asis-w3.asis.wsu.edu, O=Washington State University, S=Washington, C=US"
"www.aswsu-global.wsu.edu","family.wsu.edu","CN=asis-w3.asis.wsu.edu, O=Washington State University, S=Washington, C=US"
"www.aswsu.wsu.edu","family.wsu.edu","CN=asis-w3.asis.wsu.edu, O=Washington State University, S=Washington, C=US"
"www.boisecougs.wsu.edu","admission.em.wsu.edu","CN=cms.em.wsu.edu, O=Washington State University, S=Washington, C=US"
"www.cabletv.wsu.edu","housing.wsu.edu","CN=asis-w2.asis.wsu.edu, O=Washington State University, S=Washington, C=US"
"www.camp.wsu.edu","family.wsu.edu","CN=asis-w3.asis.wsu.edu, O=Washington State University, S=Washington, C=US"
"www.cashe.wsu.edu","family.wsu.edu","CN=asis-w3.asis.wsu.edu, O=Washington State University, S=Washington, C=US"
"www.cce.wsu.edu","family.wsu.edu","CN=asis-w3.asis.wsu.edu, O=Washington State University, S=Washington, C=US"
"www.ccrr.wsu.edu","family.wsu.edu","CN=asis-w3.asis.wsu.edu, O=Washington State University, S=Washington, C=US"
"www.cfsl.wsu.edu","family.wsu.edu","CN=asis-w3.asis.wsu.edu, O=Washington State University, S=Washington, C=US"
"www.chilatcenter.wsu.edu","family.wsu.edu","CN=asis-w3.asis.wsu.edu, O=Washington State University, S=Washington, C=US"
"www.cirt.wsu.edu","family.wsu.edu","CN=asis-w3.asis.wsu.edu, O=Washington State University, S=Washington, C=US"
"www.clasp.wsu.edu","family.wsu.edu","CN=asis-w3.asis.wsu.edu, O=Washington State University, S=Washington, C=US"
"www.clfsa.wsu.edu","family.wsu.edu","CN=asis-w3.asis.wsu.edu, O=Washington State University, S=Washington, C=US"
"www.coalition.wsu.edu","family.wsu.edu","CN=asis-w3.asis.wsu.edu, O=Washington State University, S=Washington, C=US"
"www.collegebound.wsu.edu","family.wsu.edu","CN=asis-w3.asis.wsu.edu, O=Washington State University, S=Washington, C=US"
"www.communities.wsu.edu","family.wsu.edu","CN=asis-w3.asis.wsu.edu, O=Washington State University, S=Washington, C=US"
"www.communitystandards.wsu.edu","family.wsu.edu","CN=asis-w3.asis.wsu.edu, O=Washington State University, S=Washington, C=US"
"www.conduct.wsu.edu","family.wsu.edu","CN=asis-w3.asis.wsu.edu, O=Washington State University, S=Washington, C=US"
"www.conductoffice.wsu.edu","family.wsu.edu","CN=asis-w3.asis.wsu.edu, O=Washington State University, S=Washington, C=US"
"www.cougarcard.wsu.edu","housing.wsu.edu","CN=asis-w2.asis.wsu.edu, O=Washington State University, S=Washington, C=US"
"www.cougarhealth.wsu.edu","family.wsu.edu","CN=asis-w3.asis.wsu.edu, O=Washington State University, S=Washington, C=US"
"www.cougarquest.wsu.edu","admission.em.wsu.edu","CN=cms.em.wsu.edu, O=Washington State University, S=Washington, C=US"
"www.cougarsaferides.wsu.edu","family.wsu.edu","CN=asis-w3.asis.wsu.edu, O=Washington State University, S=Washington, C=US"
"www.culturalcenter.wsu.edu","family.wsu.edu","CN=asis-w3.asis.wsu.edu, O=Washington State University, S=Washington, C=US"
"www.culturalhouses.wsu.edu","family.wsu.edu","CN=asis-w3.asis.wsu.edu, O=Washington State University, S=Washington, C=US"
"www.dadsweekend.wsu.edu","family.wsu.edu","CN=asis-w3.asis.wsu.edu, O=Washington State University, S=Washington, C=US"
"www.deanofstudents.wsu.edu","family.wsu.edu","CN=asis-w3.asis.wsu.edu, O=Washington State University, S=Washington, C=US"
"www.dining.wsu.edu","housing.wsu.edu","CN=asis-w2.asis.wsu.edu, O=Washington State University, S=Washington, C=US"
"www.diningat.wsu.edu","housing.wsu.edu","CN=asis-w2.asis.wsu.edu, O=Washington State University, S=Washington, C=US"
"www.diversity.wsu.edu","family.wsu.edu","CN=asis-w3.asis.wsu.edu, O=Washington State University, S=Washington, C=US"
"www.diversityeducation.wsu.edu","admission.em.wsu.edu","CN=cms.em.wsu.edu, O=Washington State University, S=Washington, C=US"
"www.drc.wsu.edu","family.wsu.edu","CN=asis-w3.asis.wsu.edu, O=Washington State University, S=Washington, C=US"
"www.dreamers.wsu.edu","family.wsu.edu","CN=asis-w3.asis.wsu.edu, O=Washington State University, S=Washington, C=US"
"www.dsae.wsu.edu","family.wsu.edu","CN=asis-w3.asis.wsu.edu, O=Washington State University, S=Washington, C=US"
"www.eatingat.wsu.edu","housing.wsu.edu","CN=asis-w2.asis.wsu.edu, O=Washington State University, S=Washington, C=US"
"www.employee-recognition.wsu.edu","diversityeducation.wsu.edu","CN=hrs.wsu.edu, O=Washington State University, S=Washington, C=US"
"www.esa.wsu.edu","family.wsu.edu","CN=asis-w3.asis.wsu.edu, O=Washington State University, S=Washington, C=US"
"www.espanol.camp.wsu.edu","family.wsu.edu","CN=asis-w3.asis.wsu.edu, O=Washington State University, S=Washington, C=US"
"www.espanol.wsu.edu","family.wsu.edu","CN=asis-w3.asis.wsu.edu, O=Washington State University, S=Washington, C=US"
"www.fall-alive.wsu.edu","admission.em.wsu.edu","CN=cms.em.wsu.edu, O=Washington State University, S=Washington, C=US"
"www.family.wsu.edu","admission.em.wsu.edu","CN=cms.em.wsu.edu, O=Washington State University, S=Washington, C=US"
"www.getinvolved.wsu.edu","family.wsu.edu","CN=asis-w3.asis.wsu.edu, O=Washington State University, S=Washington, C=US"
"www.gogreek.wsu.edu","family.wsu.edu","CN=asis-w3.asis.wsu.edu, O=Washington State University, S=Washington, C=US"
"www.gpsa.wsu.edu","family.wsu.edu","CN=asis-w3.asis.wsu.edu, O=Washington State University, S=Washington, C=US"
"www.graduation.wsu.edu","admission.em.wsu.edu","CN=cms.em.wsu.edu, O=Washington State University, S=Washington, C=US"
"www.handbook.wsu.edu","family.wsu.edu","CN=asis-w3.asis.wsu.edu, O=Washington State University, S=Washington, C=US"
"www.hep.wsu.edu","family.wsu.edu","CN=asis-w3.asis.wsu.edu, O=Washington State University, S=Washington, C=US"
"www.hotel.wsu.edu","housing.wsu.edu","CN=asis-w2.asis.wsu.edu, O=Washington State University, S=Washington, C=US"
"www.housing.wsu.edu","housing.wsu.edu","CN=asis-w2.asis.wsu.edu, O=Washington State University, S=Washington, C=US"
"www.housingat.wsu.edu","housing.wsu.edu","CN=asis-w2.asis.wsu.edu, O=Washington State University, S=Washington, C=US"
"www.hrs.wsu.edu","diversityeducation.wsu.edu","CN=hrs.wsu.edu, O=Washington State University, S=Washington, C=US"
"www.idahocougs.wsu.edu","admission.em.wsu.edu","CN=cms.em.wsu.edu, O=Washington State University, S=Washington, C=US"
"www.ihr.hrs.wsu.edu","diversityeducation.wsu.edu","CN=hrs.wsu.edu, O=Washington State University, S=Washington, C=US"
"www.imageshop.wsu.edu","family.wsu.edu","CN=asis-w3.asis.wsu.edu, O=Washington State University, S=Washington, C=US"
"www.intranet.hrs.wsu.edu","diversityeducation.wsu.edu","CN=hrs.wsu.edu, O=Washington State University, S=Washington, C=US"
"www.kingcountycougs.wsu.edu","admission.em.wsu.edu","CN=cms.em.wsu.edu, O=Washington State University, S=Washington, C=US"
"www.labienvenida.wsu.edu","family.wsu.edu","CN=asis-w3.asis.wsu.edu, O=Washington State University, S=Washington, C=US"
"www.lead.wsu.edu","family.wsu.edu","CN=asis-w3.asis.wsu.edu, O=Washington State University, S=Washington, C=US"
"www.lgbt.wsu.edu","family.wsu.edu","CN=asis-w3.asis.wsu.edu, O=Washington State University, S=Washington, C=US"
"www.livingat.wsu.edu","housing.wsu.edu","CN=asis-w2.asis.wsu.edu, O=Washington State University, S=Washington, C=US"
"www.mlk.wsu.edu","family.wsu.edu","CN=asis-w3.asis.wsu.edu, O=Washington State University, S=Washington, C=US"
"www.movein.wsu.edu","housing.wsu.edu","CN=asis-w2.asis.wsu.edu, O=Washington State University, S=Washington, C=US"
"www.msmp.wsu.edu","family.wsu.edu","CN=asis-w3.asis.wsu.edu, O=Washington State University, S=Washington, C=US"
"www.mss.wsu.edu","family.wsu.edu","CN=asis-w3.asis.wsu.edu, O=Washington State University, S=Washington, C=US"
"www.myfcoc.wsu.edu","admission.em.wsu.edu","CN=cms.em.wsu.edu, O=Washington State University, S=Washington, C=US"
"www.mynutrition.wsu.edu","housing.wsu.edu","CN=asis-w2.asis.wsu.edu, O=Washington State University, S=Washington, C=US"
"www.offcampusliving.wsu.edu","family.wsu.edu","CN=asis-w3.asis.wsu.edu, O=Washington State University, S=Washington, C=US"
"www.orientation-dev.wsu.edu","admission.em.wsu.edu","CN=cms.em.wsu.edu, O=Washington State University, S=Washington, C=US"
"www.osa.wsu.edu","family.wsu.edu","CN=asis-w3.asis.wsu.edu, O=Washington State University, S=Washington, C=US"
"www.osae.wsu.edu","family.wsu.edu","CN=asis-w3.asis.wsu.edu, O=Washington State University, S=Washington, C=US"
"www.performance.wsu.edu","family.wsu.edu","CN=asis-w3.asis.wsu.edu, O=Washington State University, S=Washington, C=US"
"www.registrar.wsu.edu","admission.em.wsu.edu","CN=cms.em.wsu.edu, O=Washington State University, S=Washington, C=US"
"www.rta.wsu.edu","housing.wsu.edu","CN=asis-w2.asis.wsu.edu, O=Washington State University, S=Washington, C=US"
"www.saed.wsu.edu","family.wsu.edu","CN=asis-w3.asis.wsu.edu, O=Washington State University, S=Washington, C=US"
"www.saedem.wsu.edu","family.wsu.edu","CN=asis-w3.asis.wsu.edu, O=Washington State University, S=Washington, C=US"
"www.saem.wsu.edu","family.wsu.edu","CN=asis-w3.asis.wsu.edu, O=Washington State University, S=Washington, C=US"
"www.safinanceadmin.wsu.edu","family.wsu.edu","CN=asis-w3.asis.wsu.edu, O=Washington State University, S=Washington, C=US"
"www.salt.wsu.edu","family.wsu.edu","CN=asis-w3.asis.wsu.edu, O=Washington State University, S=Washington, C=US"
"www.seb.wsu.edu","family.wsu.edu","CN=asis-w3.asis.wsu.edu, O=Washington State University, S=Washington, C=US"
"www.sgc.wsu.edu","family.wsu.edu","CN=asis-w3.asis.wsu.edu, O=Washington State University, S=Washington, C=US"
"www.shaping.wsu.edu","family.wsu.edu","CN=asis-w3.asis.wsu.edu, O=Washington State University, S=Washington, C=US"
"www.smartsheet.com","smartsheet.com","CN=www.smartsheet.com"
"www.smartstart.wsu.edu","family.wsu.edu","CN=asis-w3.asis.wsu.edu, O=Washington State University, S=Washington, C=US"
"www.spirituality.wsu.edu","family.wsu.edu","CN=asis-w3.asis.wsu.edu, O=Washington State University, S=Washington, C=US"
"www.spring-orientation.wsu.edu","admission.em.wsu.edu","CN=cms.em.wsu.edu, O=Washington State University, S=Washington, C=US"
"www.springfest.wsu.edu","family.wsu.edu","CN=asis-w3.asis.wsu.edu, O=Washington State University, S=Washington, C=US"
"www.sssp.wsu.edu","family.wsu.edu","CN=asis-w3.asis.wsu.edu, O=Washington State University, S=Washington, C=US"
"www.standards.wsu.edu","family.wsu.edu","CN=asis-w3.asis.wsu.edu, O=Washington State University, S=Washington, C=US"
"www.studentaffairs.wsu.edu","family.wsu.edu","CN=asis-w3.asis.wsu.edu, O=Washington State University, S=Washington, C=US"
"www.studentcare.wsu.edu","family.wsu.edu","CN=asis-w3.asis.wsu.edu, O=Washington State University, S=Washington, C=US"
"www.studentconduct.wsu.edu","family.wsu.edu","CN=asis-w3.asis.wsu.edu, O=Washington State University, S=Washington, C=US"
"www.studentfees.wsu.edu","family.wsu.edu","CN=asis-w3.asis.wsu.edu, O=Washington State University, S=Washington, C=US"
"www.studentinvolvement.wsu.edu","family.wsu.edu","CN=asis-w3.asis.wsu.edu, O=Washington State University, S=Washington, C=US"
"www.tableau.com","tableau.com","CN=www.tableausoftware.com, O=""Tableau Software, LLC"", L=Seattle, S=Washington, C=US"
"www.tableausoftware.com","tableau.com","CN=www.tableausoftware.com, O=""Tableau Software, LLC"", L=Seattle, S=Washington, C=US"
"www.tausigma.wsu.edu","admission.em.wsu.edu","CN=cms.em.wsu.edu, O=Washington State University, S=Washington, C=US"
"www.technolutions.com","technolutions.net","CN=technolutions.com"
"www.thecenter.wsu.edu","family.wsu.edu","CN=asis-w3.asis.wsu.edu, O=Washington State University, S=Washington, C=US"
"www.tmp.wsu.edu","family.wsu.edu","CN=asis-w3.asis.wsu.edu, O=Washington State University, S=Washington, C=US"
"www.transcript.wsu.edu","admission.em.wsu.edu","CN=cms.em.wsu.edu, O=Washington State University, S=Washington, C=US"
"www.transcripts.wsu.edu","admission.em.wsu.edu","CN=cms.em.wsu.edu, O=Washington State University, S=Washington, C=US"
"www.transfer-days.wsu.edu","admission.em.wsu.edu","CN=cms.em.wsu.edu, O=Washington State University, S=Washington, C=US"
"www.tutoring.wsu.edu","family.wsu.edu","CN=asis-w3.asis.wsu.edu, O=Washington State University, S=Washington, C=US"
"www.tv.wsu.edu","housing.wsu.edu","CN=asis-w2.asis.wsu.edu, O=Washington State University, S=Washington, C=US"
"www.undocuqueer.wsu.edu","family.wsu.edu","CN=asis-w3.asis.wsu.edu, O=Washington State University, S=Washington, C=US"
"www.vibes.wsu.edu","family.wsu.edu","CN=asis-w3.asis.wsu.edu, O=Washington State University, S=Washington, C=US"
"www.women.wsu.edu","family.wsu.edu","CN=asis-w3.asis.wsu.edu, O=Washington State University, S=Washington, C=US"
"www.wsa.wsu.edu","family.wsu.edu","CN=asis-w3.asis.wsu.edu, O=Washington State University, S=Washington, C=US"
"www.wsu.edu","wsu.edu","CN=wsu.edu"
